{"text": "\u4eca\u5929\u4e2d\u5348\u5403\u4ec0\u4e48", "segments": [{"id": 0, "seek": 0, "start": 0.0, "end": 2.0, "text": "\u4eca\u5929\u4e2d\u5348\u5403\u4ec0\u4e48", "tokens": [50364, 12074, 5975, 44237, 10123, 10440, 50464], "temperature": 0.0, "avg_logprob": -0.5544378757476807, "compression_ratio": 0.65625, "no_speech_prob": 0.1877238005399704}], "language": "zh"}